StartMonth,Total tourists,Temperature,Rain
01-01-19,2458000,3.506451613,0.350645161
02-01-19,2565000,6.092857143,0.609285714
03-01-19,3289000,8.038709677,0.803870968
04-01-19,4307000,10.92,1.092
05-01-19,4193000,11.71935484,1.171935484
06-01-19,4894000,18.13,1.813
07-01-19,4704000,18.79032258,1.879032258
08-01-19,5143000,18.42903226,1.842903226
09-01-19,4165000,14.53,1.453
10-01-19,4087000,11.55806452,1.155806452
11-01-19,3194000,6.366666667,0.636666667
12-01-19,2918000,5.841935484,0.584193548
